Nomes,Modalidade
Abner Teixeira,Boxe
Abner Vinícius,Futebol
Ademir Kaefer,Futebol
Adenizia,Vôlei
Adhemar Ferreira da Silva,Atletismo
Adriana Aparecida da Silva,Atletismo
Adriana Araújo,Boxe
Adriana Behar,Vôlei de praia
Adriana Samuel,Vôlei de praia
Adriana Santos,Basquete
Adrianinha,Basquete
Affonso Évora,Basquete
Afrânio Costa,Tiro esportivo
Ágatha Rippel,Vôlei de praia
Aída dos Santos,Atletismo
Alberto Marson,Basquete
Aldair,Futebol
Alessandra Oliveira,Basquete
Alex Garcia,Basquete
Alex Sandro,Futebol
Alex Silva,Futebol
Alex Welter,Vela
Alexandra Nascimento),Handebol
Alexandre Gemignani,Basquete
Alexandre Pato,Futebol
Alfredo da Motta,Basquete
Algodão,Basquete
Aline Pellegrino,Futebol
Aline Reis,Futebol
Alison Cerutti,Vôlei de praia
Alison dos Santos,Atletismo
Allan do Carmo,Águas Abertas
Aloísio,Futebol
Amaral,Futebol
Amauri Ribeiro,Vôlei
Amaury Pasos,Basquete
Ana Carolina da Silva,Vôlei
Ana Claudia Lemos,Atletismo
Ana Cristina,Vôlei
Ana Flávia,Vôlei
Ana Luiza Barbachan,Vela
Ana Marcela Cunha,Águas Abertas
Ana Moser,Vôlei
Ana Paula Henkel,Vôlei
Ana Paula Rodrigues,Handebol
Ana Sátila,Canoagem Slalom
Anderson Oliveira,Futebol
Anderson Rodrigues,Vôlei
André Cruz,Futebol
André Domingos,Atletismo
André Heller,Vôlei
André Johannpeter,Hipismo
André Luis Ferreira,Futebol
André Luiz,Futebol
André Nascimento,Vôlei
Andréia Rosa,Futebol
Andréia Suntaque,Futebol
Andressa (Andressinha),Futebol
Andressa Morais,Atletismo
Andressa Silva,Futebol
Antony,Futebol
Arnaldo Oliveira,Atletismo
Arthur Nory,Ginástica Artística
Arthur Zanetti,Ginástica Artística
Augusto Brito,Basquete
Aurélio Miguel,Judô
Babi Arenhart,Handebol
Baby Futuro,Rugby de 7
Badalhoca,Vôlei
Bárbara Micheline,Futebol
Bárbara Seixas,Vôlei de praia
Beatriz (Bia),Futebol
Beatriz Feres,Nado Artístico
Beatriz Ferreira,Boxe
Bebeto,Futebol
Bernard Rajzman,Vôlei
Bernardinho,Vôlei
Branca,Basquete
Branca Feres,Nado Artístico
Brenno,Futebol
Breno Borges,Futebol
Bruna Takahashi,Tênis de mesa
Bruninho,Vôlei
Brunno Mendonça,Hóquei sobre Grama
Bruno Fratus,Natação
Bruno Fuchs,Futebol
Bruno Guimarães,Futebol
Bruno Lins,Atletismo
Bruno Prada,Vela
Bruno Schmidt,Vôlei de praia
Bruno Uvini,Futebol
Burkhard Cordes,Vela
Camila Brait,Vôlei
Carlão,Vôlei
Carlos Honorato,Judô
Carlos Jayme,Natação
Carol Albuquerque,Vôlei
Carol Gattaz,Vôlei
Cassius Duran,Saltos Ornamentais
Cesar Cielo,Natação
Chiaki Ishii,Judô
Chicão Vidal,Futebol
Chico Barretto,Ginástica Artística
Cíntia Tuiú,Basquete
Cláudia Pastor,Basquete
Claudinei Quirino,Atletismo
Claudinha,Basquete
Cláudio Roberto,Atletismo
Clínio Freitas,Vela
Clodoaldo do Carmo,Atletismo
Codó,Atletismo
Cristiane,Futebol
Cristiano Felício,Basquete
Cyro Delgado,Natação
Daiane dos Santos,Ginástica Artística
Dani Lins,Vôlei
Dani Piedade,Handebol
Daniel Adler,Vela
Daniel Alves,Futebol
Daniel Cargnin,Judô
Daniela Alves,Futebol
Daniela Polzin,Judô
Daniele Hypolito,Ginástica Artística
Danilo Luiz,Futebol
Danrlei,Futebol
Dante Amaral,Vôlei
Dario Barbosa,Tiro esportivo
Davi Silva,Futebol
Dayane Rocha,Futebol
Débora (Debinha),Futebol
Deonise,Handebol
Dida,Futebol
Diego Alves,Futebol
Diego Carlos,Futebol
Diego Hypolito,Ginástica Artística
Diego Ribas,Futebol
Diogo Martins,Triatlo
Diogo Silva,Taekwondo
Djan Madruga,Natação
Doda Miranda,Hipismo Saltos
Domingos Maracanã,Vôlei
Douglas Chiarotti,Vôlei
Douglas Luiz,Futebol
Douglas Santos,Futebol
Douglas Souza,Vôlei
Douglas Vieira,Judô
Duda Amorim,Handebol
Dunga,Futebol
Éder Carbonera,Vôlei
Edmar Bernardes,Futebol
Edson Bindilatti,Bobsled
Édson Bispo,Basquete
Edson Luciano,Atletismo
Edu Penido,Vela
Eduard Soghomonyan,Wrestling
Edvaldo Valério,Natação
Edvar Simões,Basquete
Elaine Moura,Futebol
Elisângela Oliveira,Vôlei
Emanuel Rego,Vôlei de praia
Emerson Duarte,Tiro esportivo
Érika Coimbra,Vôlei
Érika Cristiano,Futebol
Erlon Souza,Canoagem Velocidade
Esquiva Falcão,Boxe
Ester Santos,Futebol
Etiene Medeiros,Natação
Evandro Guerra,Vôlei
Evandro Júnior,Vôlei de praia
Fabi Alvim,Vôlei
Fabiana (Dara),Handebol
Fabiana Beltrame,Remo
Fabiana Claudino,Vôlei
Fabiana Murer,Atletismo
Fabiana Simões,Futebol
Fabiano Peçanha,Atletismo
Fábio Luiz,Vôlei de praia
Felipe Anderson,Futebol
Felipe Kitadai,Judô
Felipe Wu,Tiro esportivo
Fernanda Garay,Vôlei
Fernanda Nunes,Remo
Fernanda Oliveira,Vela
Fernanda Venturini,Vôlei
Fernandão,Vôlei
Fernandinha Ferreira,Vôlei
Fernando Brobró,Basquete
Fernando Reis,Levantamento de Pesos
Fernando Scheffer,Natação
Fernando Scherer,Natação
Fernando Soledade,Tiro esportivo
Filó,Vôlei
Flávio Canto,Judô
Flávio Conceição,Futebol
Fofão,Vôlei
Formiga,Futebol
Francielle Alberto,Futebol
Fritz Braun,Basquete
Gabi Guimarães,Vôlei
Gabigol,Futebol
Gabriel Jesus,Futebol
Gabriel Menino,Futebol
Gabriel Vasconcellos,Futebol
Geovani Silva,Futebol
Gerson Victalino,Basquete
Giba,Vôlei
Gilmar Popoca,Futebol
Gilmar Rinaldi,Futebol
Gilvan Ribeiro,Canoagem Velocidade
Giovane Gávio,Vôlei
Grazielle Nascimento,Futebol
Grummy,Desportos Aquaticos
Guilherme Arana,Futebol
Guilherme Giovannoni,Basquete
Guilherme Guido,Natação
Guilherme Paraense,Tiro esportivo
Gustavo Borges,Natação
Gustavo Endres,Vôlei
Hamilton Careca,Futebol
Hebert Conceição,Boxe
Helen Luz,Basquete
Henrique Guimarães,Judô
Hernanes,Futebol
Hilma Caldeira,Vôlei
Hortência,Basquete
Hugo Calderano,Tênis de mesa
Hugo Hoyama,Tênis de mesa
Hulk,Futebol
Ida Álvares,Vôlei
Ilsinho,Futebol
Isabel Clark,Snowboard
Isabel Swan,Vela
Isadora Williams,Patinação Artística
Isaquias Queiroz,Canoagem Velocidade
Italo Ferreira,Surfe
Iziane,Basquete
Jackie Silva,Vôlei de praia
Jade Barbosa,Ginástica Artística
Janelson Carvalho,Vôlei
Janeth Arcain,Basquete
JANICE TEIXEIRA,Tiro esportivo
Janina,Vôlei
Jaqueline Carvalho,Vôlei
Jaqueline Ferreira,Levantamento de Pesos
Jaqueline Mourão,Ciclismo Mountain Bike
Jatyr Schall,Basquete
Jefferson Sabino,Atletismo
Jô,Futebol
Joana Cortez,Tênis
Joanna Maranhão,Natação
João Batista,Futebol
João do Pulo,Atletismo
João Francisco Bráz,Basquete
João Kita,Futebol
João Paulo,Futebol
Joaquim Cruz,Atletismo
Jorge Edson,Vôlei
Jorge Fernandes,Natação
Jorge Luis Andrade,Futebol
Jorginho,Futebol
José Ferreira Neto,Futebol
José Telles da Conceição,Atletismo
Juan Jesus,Futebol
Juan Nogueira,Boxe
Juliana Cabral,Futebol
Juliana Felisberta,Vôlei de praia
Juninho Paulista,Futebol
Kahena Kunze,Vela
Karin Rodrigues,Vôlei
Kátia Lopes,Vôlei
Keila Costa,Atletismo
Kelly Cristina,Futebol
Kelly Santos,Basquete
Kelvin Hoefler,Skate
Kely Fraga,Vôlei
Ketleyn Quadros,Judô
Kiko Pellicano,Vela
Lara Cianciarulo,Nado Artístico
Larissa França,Vôlei de praia
Lars Björkström,Vela
Lars Grael,Vela
Laura Pigossi,Tênis
Leandrinho,Basquete
Leandro Damião,Futebol
Leandro Guilheiro,Judô
Leandro Vissotto,Vôlei
Leila Barros,Vôlei
Leila Sobral,Basquete
Lígia Silva,Tênis de mesa
Lilian Gonçalves,Basquete
Lipe Fonteles,Vôlei
Lorena Molinos,Nado Artístico
Luan Garcia,Futebol
Luan Guilherme,Futebol
Lucão,Vôlei
Lucas Duque,Rugby de 7
Lucas Leiva,Futebol
Lucas Moura,Futebol
Lucimar Moura,Atletismo
Luís Henrique,Futebol
Luisa Borges,Nado Artístico
Luísa Stefani,Tênis
Luiz Carlos Winck,Futebol
Luiz Felipe Azevedo,Hipismo
Luiz Onmura,Judô
Luizão,Futebol
Macris,Vôlei
Magic Paula,Basquete
Maicon Andrade,Taekwondo
Malcom,Futebol
Manoel dos Santos,Natação
Maravilha,Futebol
Marcelinho Elgarten,Vôlei
Marcelinho Machado,Basquete
Marcelinho Paulista,Futebol
Marcelo Chierighini,Natação
Marcelo Ferreira,Vela
Marcelo Huertas),Basquete
Marcelo Negrão,Vôlei
Marcelo Vieira,Futebol
Márcia Fu,Vôlei
Márcio Araújo,Vôlei de praia
Marcos Soares,Vela
Marcus (Marquinhos),Basquete
Marcus D'Almeida,Tiro com arco
Marcus Mattioli,Natação
Marcus Vinícius Dias,Basquete
Marcus Vinícius Freire,Vôlei
Mari Steinbrecher,Vôlei
Maria Bruno,Nado Artístico
Maria Coutinho,Nado Artístico
Maria Lenk,Natação
Maria Miccuci,Desportos Aquaticos
Mariany Nonaka,Tênis de mesa
Marquinhos,Futebol
Marta,Futebol
Marta Sobral,Basquete
Martine Grael,Vela
Massinet Sorcinelli,Basquete
Matheus Cunha,Futebol
Matheus Henrique,Futebol
Maurício Borges,Vôlei
Maurício Lima,Vôlei
Maurício Souza,Vôlei
Maurine,Futebol
Mauro Galvão,Futebol
Maurren Maggi,Atletismo
Maycon,Futebol
Mayra Aguiar,Judô
Mazinho,Futebol
Melânia Luz,Atletismo
Milton Cruz,Futebol
Milton Luiz,Futebol
Miriam D'Agostini,Tênis
Mônica de Paula,Futebol
Mônica Rodrigues,Vôlei de praia
Montanaro,Vôlei
Mosquito,Basquete
Moysés Blás,Basquete
Murilo Endres,Vôlei
Nalbert,Vôlei
Narciso,Futebol
Natália Falavigna,Taekwondo
Natália Gaudio,Ginástica Rítmica
Natalia Zilio,Vôlei
Nelson Falcão,Vela
Nelson Pessoa,Hipismo Saltos
Nelson Prudêncio,Atletismo
Nenê Hilário,Basquete
Neymar,Futebol
Nilton Pacheco,Basquete
Nino,Futebol
Norberto Murara Neto,Futebol
Oscar dos Santos,Futebol
Pâmela Nogueira,Nado Artístico
Pâmella Oliveira,Triatlo
Pampa,Vôlei
Paula Pequeno,Vôlei
Paulão,Vôlei
Paulinho,Futebol
Paulo André,Atletismo
Paulo Henrique Ganso,Futebol
Paulo Santos,Futebol
Pedro Barros,Skate
Pepê Gonçalves,Canoagem Slalom
Peter Ficker,Vela
Pinga,Futebol
Poliana Medeiros,Futebol
Poliana Okimoto,Águas Abertas
Pretinha,Futebol
Rafael Andrade,Ginástica de Trampolim
Rafael Hettsheimeir,Basquete
Rafael Luz,Basquete
Rafael Pereira da Silva,Futebol
Rafael Silva,Judô
Rafael Sóbis,Futebol
Rafaela Silva,Judô
Rafaelle Souza,Futebol
Rafinha,Futebol
Rafinha Alcântara,Futebol
Ramires,Futebol
Raquel Peluci,Vôlei
Raquel Santos,Futebol
Raul (Raulzinho),Basquete
Rayssa Leal,Skate
Rebeca Andrade,Ginástica Artística
Reinaldo Conrad,Vela
Renan Brito Soares,Futebol
Renan Dal Zotto,Vôlei
Renata Costa,Futebol
Renato Augusto,Futebol
Ricarda,Vôlei
Ricardinho,Vôlei
Ricardo Gomes,Futebol
Ricardo Graça,Futebol
Ricardo Lucarelli,Vôlei
Ricardo Prado,Natação
Ricardo Santos,Vôlei de praia
Richarlison,Futebol
Rivaldo,Futebol
Robert Scheidt,Vela
Roberta Ratzke,Vôlei
Roberto Carlos,Futebol
Robson Caetano,Atletismo
Robson Conceição,Boxe
Rodrigão,Vôlei
Rodrigo Caio,Futebol
Rodrigo Dourado,Futebol
Rodrigo Pessoa,Hipismo Saltos
Rogério Sampaio,Judô
Romário,Futebol
Rômulo Monteiro,Futebol
Ronaldinho Gaúcho,Futebol
Ronaldo Guiaro,Futebol
Ronaldo Moraes,Futebol
Ronaldo Nazário,Futebol
Ronaldo Senfft,Vela
Rosa Branca,Basquete
Rosamaria,Vôlei
Rosana Augusto,Futebol
Rosângela Santos,Atletismo
Roseli de Belo,Futebol
Roseli Gustavo,Basquete
Rosemar Coelho Neto,Atletismo
Rui Campos,Vôlei
Ruy de Freitas,Basquete
Samuel Fuchs,Vôlei
Sandra Pires,Vôlei de praia
Sandra Suruagy,Vôlei
Sandro Raniere,Futebol
Sandro Viana,Atletismo
Santos,Futebol
Sarah Menezes,Judô
Sassá,Vôlei
Sávio,Futebol
Sebastián Cuattrin,Canoagem Velocidade
Sebástian Pereira,Judô
Sebastião Wolf,Tiro esportivo
Serginho,Vôlei
Sérgio Macarrão,Basquete
Servílio de Oliveira,Boxe
Sheilla Castro,Vôlei
Shelda,Vôlei de praia
Sidão,Vôlei
Silvinha Luz,Basquete
Silvinho,Futebol
Simone Jatobá,Futebol
Sucar,Basquete
Sylvio Padilha,Atletismo
Taffarel,Futebol
Talmo,Vôlei
Tamires Gomes,Futebol
Tandara,Vôlei
Tande,Vôlei
Tânia Maranhão,Futebol
Tetsuo Okamoto,Natação
Thaisa Daher,Vôlei
Thaisa Moreno,Futebol
Thaissa Barbosa Presti,Atletismo
Thiago Alves,Vôlei
Thiago Braz,Atletismo
Thiago Maia,Futebol
Thiago Neves,Futebol
Thiago Pereira,Natação
Thiago Silva,Futebol
Thiagus Petrus,Handebol
Tiago Camilo,Judô
Tonho Gil,Futebol
Torben Grael,Vela
Ubiratan,Basquete
Uilson,Futebol
Valdo,Futebol
Valeskinha,Vôlei
Vanderlei Cordeiro de Lima,Atletismo
Vicente Lenílson,Atletismo
Victor Mirshawka,Basquete
Virna,Vôlei
Vitor Benite,Basquete
Walace,Futebol
Waldemar Blatkauskas,Basquete
Waldyr Boccardo,Basquete
Walewska,Vôlei
Wallace Souza,Vôlei
Walter Carmona,Judô
Weverton,Futebol
William Arjona,Vôlei
William Carvalho,Vôlei
William Furtado,Futebol
Wlamir Marques,Basquete
Xandó,Vôlei
Yamaguchi Falcão,Boxe
Yane Marques,Pentatlo Moderno
Ygor Coelho,Badminton
Zagallo,Futebol
Zaine,Basquete
Zé Carlos,Futebol
Zé Elias,Futebol
Zé Marco,Vôlei de praia
Zé Maria,Futebol
Zé Roberto Guimarães,Vôlei
Zeca,Futebol
